descno	species	antisense_sequence
615	mouse	UACGGUAGUAGCGGUCCUCCC
725	human	UUGGCUUACUCGGCUUGUUCC
734	mouse	UGUGGUGACCGUGUGCUGCUU
822	cross	UTTTTCTTTTUTCTUGCTTTG
834	human	UTTTTCTTTTUTCTUGCTTTG
834	human	UCGAAAUGUAUGAUGGGCCUG
863	human	UACGAUAGUAACGGUCCUCAU
902	cross	UCCUGUAGUACACUUGGUUGG
903	human	UGCCUGUAGUACACUUGGUUG
903	mouse	UGGAGAUGAGGAGGAUGACAG
911	human	UAUCCAUGGGCCUGUAGUACA
929	human	UGUUCUGGUUGCUGUACUCAU
932	cross	UGUUGUUCUGGUUGCUGUACU
934	cross	UTTTTCTTTTUTCTUGCTTTG
952	cross	UTTTTCTTTTUTCTUGCTTTG
952	cross	UUUGACGCAGUCGUGCACAAA
953	human	UAUUGACGCAGUCGUGCACAA
954	cross	UUAUUGACGCAGUCGUGCACA
955	cross	UTTTTCTTTTUTCTUGCTTTG
955	cross	UAUAUUGACGCAGUCGUGCAC
956	human	UGAUAUUGACGCAGUCGUGCA
957	human	UUGAUAUUGACGCAGUCGUGC
979	cross	UTTTTCTTTTUTCTUGCTTTG
979	cross	UGUGACCGUGUGCUGCUUGAU
980	human	UGGUGACCGUGUGCUGCUUGA
982	human	UGUGGUGACCGUGUGCUGCUU
985	human	UGUUGUGGUGACCGUGUGCUG
1004	cross	UTTTTCTTTTUTCTUGCTTTG
1013	cross	UGGUCUCGGUGAAGUUCUCCC
1014	cross	UTTTTCTTTTUTCTUGCTTTG
1035	cross	UTTTTCTTTTUTCTUGCTTTG
1035	cross	UCGCGCUCCAUCAUCUUAACG
1038	cross	UCCACGCGCUCCAUCAUCUUA
1161	human	UUCAGGAAGAUGAGGAAAGAG
1173	mouse	UTTTTCTTTTUTCTUGCTTTG
1222	mouse	UUUAUUCACUAGACCAAAACA
1226	mouse	UGUAUUUAUUCACUAGACCAA
1370	mouse	UGCUCUAGCUAUCCCAGGUGG
1466	mouse	UUUGCUUUCAACGUCAGUAGG
1489	human	UAGAUUUGUUUUAGCCUCAAC
1490	human	UGAGAUUUGUUUUAGCCUCAA
1491	human	UUGAGAUUUGUUUUAGCCUCA
1492	human	UCUGAGAUUUGUUUUAGCCUC
1493	mouse	UUCUAGUGCCCUGGGAAUGAA
1493	human	UUCUGAGAUUUGUUUUAGCCU
1510	human	UAAGGUAUUUCAGACUGUUCU
1535	human	UUGAAGGAGCCAGAGGUAUCC
1536	human	UCUGAAGGAGCCAGAGGUAUC
1537	human	UGCUGAAGGAGCCAGAGGUAU
1569	human	UTTTTCTTTTUTCTUGCTTTG
1569	human	UAAGAUAGGGCAUUAGUAUAC
1621	human	UUCGGGUUUUCUUAAAAUGGA
1622	human	UGUCGGGUUUUCUUAAAAUGG
1637	mouse	UTTTTCTTTTUTCTUGCTTTG
1651	mouse	UTTTTCTTTTUTCTUGCTTTG
1651	mouse	UAGCUUUUGAUAAUUGUGAGA
1660	human	UGUAUCAUGUGGCCUCCUAAC
1682	mouse	UTTTTCTTTTUTCTUGCTTTG
1682	mouse	UAGUACAGAAACAUAGGGCAG
1780	mouse	UTTTTCTTTTUTCTUGCTTTG
1780	mouse	UAGCAGAAUUUCUUUCCCACU
1862	mouse	UTTTTCTTTTUTCTUGCTTTG
1877	mouse	UTTTTCTTTTUTCTUGCTTTG
1919	mouse	UTTTTCTTTTUTCTUGCTTTG
1919	mouse	UAAAGAAGACAUAAGCUUGAA
1936	human	UTTTTCTTTTUTCTUGCTTTG
2006	human	UACUUUUCAGCUGCCUUAAUU
2007	human	UUACUUUUCAGCUGCCUUAAU
2008	human	UUUACUUUUCAGCUGCCUUAA
2009	human	UUUUACUUUUCAGCUGCCUUA
2010	human	UAUUUACUUUUCAGCUGCCUU
2072	mouse	UTTTTCTTTTUTCTUGCTTTG
2087	cross	UTTTTCTTTTUTCTUGCTTTG
2098	mouse	UTTTTCTTTTUTCTUGCTTTG
2098	mouse	UAAAAUACAUGCAAAGUUACA
2102	mouse	UTTTTCTTTTUTCTUGCTTTG
2103	mouse	UTTTTCTTTTUTCTUGCTTTG
2178	human	UAAAUAAAGAAAUGCAAGCAG
2179	human	UTTTTCTTTTUTCTUGCTTTG
2179	human	UGAAAUAAAGAAAUGCAAGCA
2180	human	UAGAAAUAAAGAAAUGCAAGC
2224	human	UAACUAUGAACUUGACCUAAU
2225	human	UAAACUAUGAACUUGACCUAA
2226	human	UTTTTCTTTTUTCTUGCTTTG
2226	human	UGAAACUAUGAACUUGACCUA
2227	human	UAGAAACUAUGAACUUGACCU
2228	human	UCAGAAACUAUGAACUUGACC
2251	human	UUUCUUUGAUUCAAAAGCCAA
2296	human	UUUUCUGUCAUCUCCAACCUA
2344	human	UTTTTCTTTTUTCTUGCTTTG
2386	human	UCUGCUAGGUGACAAUAUCAA
2438	human	UAAUACUCACAAAGUGCAAGC
2439	human	UGAAUACUCACAAAGUGCAAG
2440	human	UTTTTCTTTTUTCTUGCTTTG
2440	human	UAGAAUACUCACAAAGUGCAA
2441	human	UUAGAAUACUCACAAAGUGCA
2442	human	UAUAGAAUACUCACAAAGUGC
2490	human	UTTTTCTTTTUTCTUGCTTTG
2490	human	UUAAGUCUGUCCUAUGCAAUA
2518	human	UAGAUGUUAACUGCUCUAAAC
2519	human	UCAGAUGUUAACUGCUCUAAA
2520	human	UUCAGAUGUUAACUGCUCUAA
2521	human	UUUCAGAUGUUAACUGCUCUA
2522	human	UCUUCAGAUGUUAACUGCUCU
2552	human	UAGUACCUUACAAAAGUUAAU
2553	human	UCAGUACCUUACAAAAGUUAA
2554	human	UUCAGUACCUUACAAAAGUUA
2555	human	UUUCAGUACCUUACAAAAGUU
2556	human	UAUUCAGUACCUUACAAAAGU
2674	human	UTTTTCTTTTUTCTUGCTTTG
2683	human	UTTTTCTTTTUTCTUGCTTTG
2698	cross	UTTTTCTTTTUTCTUGCTTTG
2701	cross	UTTTTCTTTTUTCTUGCTTTG
2702	cross	UTTTTCTTTTUTCTUGCTTTG
2705	human	UTTTTCTTTTUTCTUGCTTTG
2705	human	UAACAUGCAAAGUUACAAAUA
2706	human	UGAACAUGCAAAGUUACAAAU
2707	human	UAGAACAUGCAAAGUUACAAA
2708	human	UTTTTCTTTTUTCTUGCTTTG
2708	human	UAAGAACAUGCAAAGUUACAA
2709	human	UCAAGAACAUGCAAAGUUACA
2710	human	UACAAGAACAUGCAAAGUUAC
2711	human	UAACAAGAACAUGCAAAGUUA
2712	human	UAAACAAGAACAUGCAAAGUU
2713	human	UAAAACAAGAACAUGCAAAGU
2714	human	UCAAAACAAGAACAUGCAAAG
2715	human	UACAAAACAAGAACAUGCAAA
2764	human	UGCUCGUUUAAUUUCAGUCAG
2765	human	UCGCUCGUUUAAUUUCAGUCA
2766	human	UUCGCUCGUUUAAUUUCAGUC
2767	human	UUUCGCUCGUUUAAUUUCAGU
2768	human	UCUUCGCUCGUUUAAUUUCAG
